Name,Constellation,Bayern Designation,Designation,Bayer letter,Genetive Name,Identifier,Approval Date,Approval Year,Approval Month
Acamar,Eridanus,θ1 Eridani A,HR 897,θ1,Eridani,A,2016-07-20,2016,7
Achernar,Eridanus,α Eridani A,HR 472,α,Eridani,A,2016-06-30,2016,6
Achird,Cassiopeia,η Cassiopeiae A,HR 219,η,Cassiopeiae,A,2017-09-05,2017,9
Acrab,Scorpius,β1 Scorpii Aa,HR 5984,β1,Scorpii,Aa,2016-08-21,2016,8
Acrux,Crux,α Crucis Aa,HR 4730,α,Crucis,Aa,2016-07-20,2016,7
Acubens,Cancer,α Cancri Aa,HR 3572,α,Cancri,Aa,2016-07-20,2016,7
Adhafera,Leo,ζ Leonis Aa,HR 4031,ζ,Leonis,Aa,2016-07-20,2016,7
Adhara,Canis Major,ε Canis Majoris A,HR 2618,ε,Canis,Majoris A,2016-08-21,2016,8
Adhil,Andromeda,ξ Andromedae,HR 390,ξ,Andromedae,Aa,2016-08-21,2016,8
Ain,Taurus,ε Tauri Aa1,HR 1409,ε,Tauri,Aa1,2015-12-15,2015,12
Ainalrami,Sagittarius,ν1 Sagittarii A,HR 7116,ν1,Sagittarii,A,2017-09-05,2017,9
Aladfar,Lyra,η Lyrae Aa,HR 7298,η,Lyrae,Aa,2017-09-05,2017,9
Albaldah,Sagittarius,π Sagittarii A,HR 7264,π,Sagittarii,A,2017-09-05,2017,9
Albali,Aquarius,ε Aquarii,HR 7950,ε,Aquarii,Aa,2016-09-12,2016,9
Albireo,Cygnus,β1 Cygni Aa,HR 7417,β1,Cygni,Aa,2016-07-20,2016,7
Alchiba,Corvus,α Corvi,HR 4623,α,Corvi,A,2016-09-12,2016,9
Alcor,Ursa Major,80 Ursae Majoris Ca,HR 5062,80,Ursae,Majoris Ca,2016-06-30,2016,6
Alcyone,Taurus,η Tauri A,HR 1165,η,Tauri,A,2016-06-30,2016,6
Aldebaran,Taurus,α Tauri,HR 1457,α,Tauri,Aa,2016-06-30,2016,6
Alderamin,Cepheus,α Cephei,HR 8162,α,Cephei,A,2016-07-20,2016,7
Aldhanab,Grus,γ Gruis,HR 8353,γ,Gruis,A,2017-09-05,2017,9
Aldhibah,Draco,ζ Draconis A,HR 6396,ζ,Draconis,A,2017-09-05,2017,9
Aldulfin,Delphinus,ε Delphini,HR 7852,ε,Delphini,A,2017-09-05,2017,9
Alfirk,Cepheus,β Cephei Aa,HR 8238,β,Cephei,Aa,2016-08-21,2016,8
Algedi,Capricornus,α2 Capricorni,HR 7754,α2,Capricorni,A,2016-08-21,2016,8
Algenib,Pegasus,γ Pegasi,HR 39,γ,Pegasi,Aa,2016-06-30,2016,6
Algieba,Leo,γ1 Leonis,HR 4057,γ1,Leonis,Majoris A,2016-07-20,2016,7
Algol,Perseus,β Persei Aa1,HR 936,β,Persei,Aa1,2016-06-30,2016,6
Algorab,Corvus,δ Corvi A,HR 4757,δ,Corvi,A,2016-07-20,2016,7
Alhena,Gemini,γ Geminorum Aa,HR 2421,γ,Geminorum,Aa,2016-07-20,2016,7
Alioth,Ursa Major,ε Ursae Majoris A,HR 4905,ε,Ursae,Majoris A,2016-06-30,2016,6
Aljanah,Cygnus,ε Cygni Aa,HR 7949,ε,Cygni,Aa,2017-06-30,2017,6
Alkaid,Ursa Major,η Ursae Majoris,HR 5191,η,Ursae,Majoris,2016-06-30,2016,6
Alkalurops,Boötes,μ1 Boötis Aa,HR 5733,μ1,Boötis,Aa,2016-08-21,2016,8
Alkaphrah,Ursa Major,κ Ursae Majoris A,HR 3594,κ,Ursae,Majoris A,2017-09-05,2017,9
Alkarab,Pegasus,υ Pegasi,HR 8905,υ,Pegasi,Austrini A,2017-09-05,2017,9
Alkes,Crater,α Crateris,HR 4287,α,Crateris,Majoris,2016-09-12,2016,9
Almaaz,Auriga,ε Aurigae,HR 1605,ε,Aurigae,Aa,2017-02-01,2017,2
Almach,Andromeda,γ Andromedae A,HR 603,γ,Andromedae,A,2016-07-20,2016,7
Alnair,Grus,α Gruis,HR 8425,α,Gruis,Aa,2016-07-20,2016,7
Alnasl,Sagittarius,γ2 Sagittarii,HR 6746,γ2,Sagittarii,A,2016-08-21,2016,8
Alnilam,Orion,ε Orionis,HR 1903,ε,Orionis,Aa,2016-07-20,2016,7
Alnitak,Orion,ζ Orionis Aa,HR 1948,ζ,Orionis,Aa,2016-07-20,2016,7
Alniyat,Scorpius,σ Scorpii Aa1,HR 6084,σ,Scorpii,Aa1,2017-02-01,2017,2
Alphard,Hydra,α Hydrae,HR 3748,α,Hydrae,A,2016-07-20,2016,7
Alphecca,Corona Borealis,α Coronae Borealis,HR 5793,α,Coronae,Borealis,2016-07-20,2016,7
Alpheratz,Andromeda,α Andromedae Aa,HR 15,α,Andromedae,Aa,2016-06-30,2016,6
Alpherg,Pisces,η Piscium A,HR 437,η,Piscium,A,2018-06-01,2018,6
Alrakis,Draco,μ Draconis A,HR 6370,μ,Draconis,A,2017-02-01,2017,2
Alrescha,Pisces,α Piscium A,HR 596,α,Piscium,A,2016-08-21,2016,8
Alruba,Draco,HD 161693,HR 6618,HD,161693,A,2018-06-01,2018,6
Alsafi,Draco,σ Draconis,HR 7462,σ,Draconis,Aa,2017-06-30,2017,6
Alsciaukat,Lynx,31 Lyncis,HR 3275,31,Lyncis,A,2017-06-30,2017,6
Alsephina,Vela,δ Velorum Aa,HR 3485,δ,Velorum,Aa,2017-09-05,2017,9
Alshain,Aquila,β Aquilae A,HR 7602,β,Aquilae,A,2016-08-21,2016,8
Alshat,Capricornus,ν Capricorni A,HR 7773,ν,Capricorni,A,2017-06-30,2017,6
Altair,Aquila,α Aquilae,HR 7557,α,Aquilae,A,2016-06-30,2016,6
Altais,Draco,δ Draconis,HR 7310,δ,Draconis,Aa,2016-08-21,2016,8
Alterf,Leo,λ Leonis,HR 3773,λ,Leonis,A,2017-02-01,2017,2
Aludra,Canis Major,η Canis Majoris,HR 2827,η,Canis,Majoris,2016-07-20,2016,7
Alula Australis,Ursa Major,ξ Ursae Majoris Aa,HR 4375,ξ,Ursae,Majoris Aa,2016-07-20,2016,7
Alula Borealis,Ursa Major,ν Ursae Majoris,HR 4377,ν,Ursae,Majoris,2016-07-20,2016,7
Alya,Serpens,θ1 Serpentis A,HR 7141,θ1,Serpentis,A,2016-08-21,2016,8
Alzirr,Gemini,ξ Geminorum,HR 2484,ξ,Geminorum,Aa,2017-06-30,2017,6
Ancha,Aquarius,θ Aquarii,HR 8499,θ,Aquarii,Aa,2016-09-12,2016,9
Angetenar,Eridanus,τ2 Eridani,HR 850,τ2,Eridani,Aa,2017-06-30,2017,6
Ankaa,Phoenix,α Phoenicis,HR 99,α,Phoenicis,Aa,2016-07-20,2016,7
Anser,Vulpecula,α Vulpeculae,HR 7405,α,Vulpeculae,Aa,2017-06-30,2017,6
Antares,Scorpius,α Scorpii A,HR 6134,α,Scorpii,A,2016-06-30,2016,6
Arcturus,Boötes,α Boötis,HR 5340,α,Boötis,A,2016-06-30,2016,6
Arkab Posterior,Sagittarius,β2 Sagittarii,HR 7343,β2,Sagittarii,Aa,2016-10-05,2016,10
Arkab Prior,Sagittarius,β1 Sagittarii,HR 7337,β1,Sagittarii,Aa,2016-10-05,2016,10
Arneb,Lepus,α Leporis A,HR 1865,α,Leporis,A,2016-07-20,2016,7
Ascella,Sagittarius,ζ Sagittarii A,HR 7194,ζ,Sagittarii,A,2016-09-12,2016,9
Asellus Australis,Cancer,δ Cancri Aa,HR 3461,δ,Cancri,Aa,2016-11-06,2016,11
Asellus Borealis,Cancer,γ Cancri Aa,HR 3449,γ,Cancri,Aa,2016-11-06,2016,11
Ashlesha,Hydra,ε Hydrae A,HR 3482,ε,Hydrae,A,2018-06-01,2018,6
Aspidiske,Carina,ι Carinae,HR 3699,ι,Carinae,A,2016-07-20,2016,7
Asterope,Taurus,21 Tauri Aa,HR 1151,21,Tauri,Aa,2016-08-21,2016,8
Athebyne,Draco,η Draconis A,HR 6132,η,Draconis,A,2017-09-05,2017,9
Atik,Perseus,ο Persei A,HR 1131,ο,Persei,A,2016-09-12,2016,9
Atlas,Taurus,27 Tauri Aa1,HR 1178,27,Tauri,Aa1,2016-08-21,2016,8
Atria,Triangulum Australe,α Trianguli Australis,HR 6217,α,Trianguli,Australis,2016-07-20,2016,7
Avior,Carina,ε Carinae A,HR 3307,ε,Carinae,A,2016-07-20,2016,7
Azelfafage,Cygnus,π1 Cygni,HR 8301,π1,Cygni,A,2016-09-12,2016,9
Azha,Eridanus,η Eridani,HR 874,η,Eridani,Austrini A,2016-09-12,2016,9
Azmidi,Puppis,ξ Puppis,HR 3045,ξ,Puppis,Minoris A,2018-06-01,2018,6
Barnard’s Star,Ophiuchus,V2500 Ophiuchi,GJ 699,V2500,Ophiuchi,C,2017-02-01,2017,2
Baten Kaitos,Cetus,ζ Ceti Aa,HR 539,ζ,Ceti,Aa,2016-09-12,2016,9
Beemim,Eridanus,υ3 Eridani,HR 1393,υ3,Eridani,Aa,2017-06-30,2017,6
Beid,Eridanus,ο1 Eridani,HR 1298,ο1,Eridani,Aa,2016-09-12,2016,9
Bellatrix,Orion,γ Orionis,HR 1790,γ,Orionis,A,2016-06-30,2016,6
Betelgeuse,Orion,α Orionis Aa,HR 2061,α,Orionis,Aa,2016-06-30,2016,6
Bharani,Aries,41 Arietis Aa,HR 838,41,Arietis,Aa,2017-06-30,2017,6
Biham,Pegasus,θ Pegasi,HR 8450,θ,Pegasi,Aa,2016-08-21,2016,8
Botein,Aries,δ Arietis,HR 951,δ,Arietis,Aa,2016-09-12,2016,9
Brachium,Libra,σ Librae A,HR 5603,σ,Librae,A,2017-09-05,2017,9
Bunda,Aquarius,ξ Aquarii A,HR 8264,ξ,Aquarii,A,2018-06-01,2018,6
Canopus,Carina,α Carinae A,HR 2326,α,Carinae,A,2016-06-30,2016,6
Capella,Auriga,α Aurigae Aa,HR 1708,α,Aurigae,Aa,2016-06-30,2016,6
Caph,Cassiopeia,β Cassiopeiae A,HR 21,β,Cassiopeiae,A,2016-06-30,2016,6
Castor,Gemini,α Geminorum Aa,HR 2891,α,Geminorum,Aa,2016-06-30,2016,6
Castula,Cassiopeia,υ2 Cassiopeiae,HR 265,υ2,Cassiopeiae,Majoris,2017-09-05,2017,9
Cebalrai,Ophiuchus,β Ophiuchi,HR 6603,β,Ophiuchi,A,2016-08-21,2016,8
Celaeno,Taurus,16 Tauri,HR 1140,16,Tauri,A,2016-08-21,2016,8
Cervantes,Ara,μ Arae,HR 6585,μ,Arae,A,2015-12-15,2015,12
Chalawan,Ursa Major,47 Ursae Majoris,HR 4277,47,Ursae,Majoris,2015-12-15,2015,12
Chamukuy,Taurus,θ2 Tauri Aa,HR 1412,θ2,Tauri,Aa,2017-09-05,2017,9
Chara,Canes Venatici,β Canum Venaticorum Aa,HR 4785,β,Canum,Venaticorum Aa,2016-07-20,2016,7
Chertan,Leo,θ Leonis,HR 4359,θ,Leonis,Majoris A,2016-07-20,2016,7
Copernicus,Cancer,55 Cancri A,HR 3522,55,Cancri,A,2015-12-15,2015,12
Cor Caroli,Canes Venatici,α2 Canum Venaticorum Aa,HR 4915,α2,Canum,Venaticorum Aa,2016-07-20,2016,7
Cujam,Hercules,ω Herculis A,HR 6117,ω,Herculis,A,2017-02-01,2017,2
Cursa,Eridanus,β Eridani,HR 1666,β,Eridani,A,2016-07-20,2016,7
Dabih,Capricornus,β1 Capricorni Aa,HR 7776,β1,Capricorni,Aa,2016-08-21,2016,8
Dalim,Fornax,α Fornacis A,HR 963,α,Fornacis,A,2017-09-05,2017,9
Deneb,Cygnus,α Cygni,HR 7924,α,Cygni,Aa,2016-06-30,2016,6
Deneb Algedi,Capricornus,δ Capricorni Aa,HR 8322,δ,Capricorni,Aa,2017-02-01,2017,2
Denebola,Leo,β Leonis,HR 4534,β,Leonis,Majoris,2016-06-30,2016,6
Diadem,Coma Berenices,α Comae Berenices A,HR 4968,α,Comae,Berenices A,2017-02-01,2017,2
Diphda,Cetus,β Ceti,HR 188,β,Ceti,A,2016-08-21,2016,8
Dschubba,Scorpius,δ Scorpii A,HR 5953,δ,Scorpii,A,2016-08-21,2016,8
Dubhe,Ursa Major,α Ursae Majoris A,HR 4301,α,Ursae,Majoris A,2016-06-30,2016,6
Dziban,Draco,ψ1 Draconis A,HR 6636,ψ1,Draconis,A,2017-09-05,2017,9
Edasich,Draco,ι Draconis,HR 5744,ι,Draconis,Minoris,2015-12-15,2015,12
Electra,Taurus,17 Tauri,HR 1142,17,Tauri,A,2016-08-21,2016,8
Elgafar,Virgo,φ Virginis A,HR 5409,φ,Virginis,A,2018-06-01,2018,6
Elkurud,Columba,θ Columbae,HR 2177,θ,Columbae,A,2018-06-01,2018,6
Elnath,Taurus,β Tauri Aa,HR 1791,β,Tauri,Aa,2016-07-20,2016,7
Eltanin,Draco,γ Draconis,HR 6705,γ,Draconis,A,2016-08-21,2016,8
Enif,Pegasus,ε Pegasi,HR 8308,ε,Pegasi,A,2016-07-20,2016,7
Errai,Cepheus,γ Cephei Aa,HR 8974,γ,Cephei,Aa,2015-12-15,2015,12
Fafnir,Draco,42 Draconis A,HR 6945,42,Draconis,A,2015-12-15,2015,12
Fang,Scorpius,π Scorpii Aa,HR 5944,π,Scorpii,Aa,2017-06-30,2017,6
Fawaris,Cygnus,δ Cygni A,HR 7528,δ,Cygni,A,2018-06-01,2018,6
Felis,Hydra,HD 85951,HR 3923,HD,85951,A,2018-06-01,2018,6
Fomalhaut,Piscis Austrinus,α Piscis Austrini A,HR 8728,α,Piscis,Austrini A,2015-12-15,2015,12
Fulu,Cassiopeia,ζ Cassiopeiae,HR 153,ζ,Cassiopeiae,Aa,2017-06-30,2017,6
Fumalsamakah,Pisces,β Piscium,HR 8773,β,Piscium,Austrini A,2018-06-01,2018,6
Furud,Canis Major,ζ Canis Majoris Aa,HR 2282,ζ,Canis,Majoris Aa,2016-07-20,2016,7
Fuyue,Scorpius,G Scorpii,HR 6630,G,Scorpii,A,2017-06-30,2017,6
Gacrux,Crux,γ Crucis,HR 4763,γ,Crucis,A,2016-07-20,2016,7
Giausar,Draco,λ Draconis,HR 4434,λ,Draconis,Majoris,2017-02-01,2017,2
Gienah,Corvus,γ Corvi A,HR 4662,γ,Corvi,A,2016-11-06,2016,11
Ginan,Crux,ε Crucis,HR 4700,ε,Crucis,Aa,2017-11-19,2017,11
Gomeisa,Canis Minor,β Canis Minoris A,HR 2845,β,Canis,Minoris A,2016-07-20,2016,7
Grumium,Draco,ξ Draconis A,HR 6688,ξ,Draconis,A,2016-09-12,2016,9
Gudja,Serpens,κ Serpentis,HR 5879,κ,Serpentis,Borealis,2018-08-10,2018,8
Guniibuu,Ophiuchus,36 Ophiuchi A,HR 6402,36,Ophiuchi,A,2018-08-10,2018,8
Hadar,Centaurus,β Centauri Aa,HR 5267,β,Centauri,Aa,2016-08-21,2016,8
Haedus,Auriga,η Aurigae,HR 1641,η,Aurigae,A,2017-06-30,2017,6
Hamal,Aries,α Arietis,HR 617,α,Arietis,A,2016-07-20,2016,7
Hassaleh,Auriga,ι Aurigae,HR 1577,ι,Aurigae,Aa,2017-06-30,2017,6
Hatysa,Orion,ι Orionis Aa,HR 1899,ι,Orionis,Aa,2017-09-05,2017,9
Helvetios,Pegasus,51 Pegasi,HR 8729,51,Pegasi,Austrini A,2015-12-15,2015,12
Heze,Virgo,ζ Virginis A,HR 5107,ζ,Virginis,A,2018-06-01,2018,6
Homam,Pegasus,ζ Pegasi A,HR 8634,ζ,Pegasi,A,2016-08-21,2016,8
Iklil,Scorpius,ρ Scorpii Aa,HR 5928,ρ,Scorpii,Aa,2017-09-05,2017,9
Imai,Crux,δ Crucis,HR 4656,δ,Crucis,A,2018-08-10,2018,8
Intercrus,Ursa Major,41 Lyncis,HR 3743,41,Lyncis,A,2015-12-15,2015,12
Izar,Boötes,ε Boötis A,HR 5506,ε,Boötis,A,2016-08-21,2016,8
Jabbah,Scorpius,ν Scorpii Aa,HR 6027,ν,Scorpii,Aa,2017-06-30,2017,6
Jishui,Gemini,34 Geminorum Aa,HR 2930,34,Geminorum,Aa,2017-06-30,2017,6
Kaffaljidhma,Cetus,γ Ceti A,HR 804,γ,Ceti,A,2017-02-01,2017,2
Kang,Virgo,κ Virginis,HR 5315,κ,Virginis,A,2017-06-30,2017,6
Kaus Australis,Sagittarius,ε Sagittarii A,HR 6879,ε,Sagittarii,A,2016-07-20,2016,7
Kaus Borealis,Sagittarius,λ Sagittarii,HR 6913,λ,Sagittarii,A,2016-07-20,2016,7
Kaus Media,Sagittarius,δ Sagittarii,HR 6859,δ,Sagittarii,Aa,2016-07-20,2016,7
Keid,Eridanus,ο2 Eridani A,HR 1325,ο2,Eridani,A,2016-09-12,2016,9
Khambalia,Virgo,λ Virginis A,HR 5359,λ,Virginis,A,2017-09-05,2017,9
Kitalpha,Equuleus,α Equulei A,HR 8131,α,Equulei,A,2016-08-21,2016,8
Kochab,Ursa Minor,β Ursae Minoris,HR 5563,β,Ursae,Minoris,2016-07-20,2016,7
Kornephoros,Hercules,β Herculis Aa,HR 6148,β,Herculis,Aa,2016-08-21,2016,8
Kraz,Corvus,β Corvi,HR 4786,β,Corvi,Venaticorum Aa,2018-06-01,2018,6
Kurhah,Cepheus,ξ Cephei Aa,HR 8417,ξ,Cephei,Aa,2016-09-12,2016,9
La Superba,Canes Venatici,Y Canum Venaticorum,HR 4846,Y,Canum,Venaticorum,2018-08-10,2018,8
Larawag,Scorpius,ε Scorpii,HR 6241,ε,Scorpii,Australis,2017-11-19,2017,11
Lesath,Scorpius,υ Scorpii,HR 6508,υ,Scorpii,Aa,2016-08-21,2016,8
Libertas,Aquila,ξ Aquilae A,HR 7595,ξ,Aquilae,A,2015-12-15,2015,12
Lich,Virgo,PSR B1257+12,PSR B1257+12,PSR,B1257+12,Aa,2015-12-15,2015,12
Lilii Borea,Aries,39 Arietis,HR 824,39,Arietis,Aa,2017-09-05,2017,9
Maasym,Hercules,λ Herculis,HR 6526,λ,Herculis,Aa,2016-09-12,2016,9
Mahasim,Auriga,θ Aurigae A,HR 2095,θ,Aurigae,A,2017-06-30,2017,6
Maia,Taurus,20 Tauri,HR 1149,20,Tauri,Aa,2016-07-20,2016,7
Marfik,Ophiuchus,λ Ophiuchi A,HR 6149,λ,Ophiuchi,A,2016-09-12,2016,9
Markab,Pegasus,α Pegasi,HR 8781,α,Pegasi,Austrini A,2016-06-30,2016,6
Markeb,Vela,κ Velorum,HR 3734,κ,Velorum,A,2017-09-05,2017,9
Marsic,Hercules,κ Herculis A,HR 6008,κ,Herculis,A,2017-02-01,2017,2
Matar,Pegasus,η Pegasi Aa,HR 8650,η,Pegasi,Aa,2016-08-21,2016,8
Mebsuta,Gemini,ε Geminorum,HR 2473,ε,Geminorum,Aa,2016-07-20,2016,7
Megrez,Ursa Major,δ Ursae Majoris,HR 4660,δ,Ursae,Majoris,2016-06-30,2016,6
Meissa,Orion,λ Orionis A,HR 1879,λ,Orionis,A,2016-07-20,2016,7
Mekbuda,Gemini,ζ Geminorum Aa,HR 2650,ζ,Geminorum,Aa,2016-09-12,2016,9
Meleph,Cancer,ε Cancri Aa,HR 3429,ε,Cancri,Aa,2017-09-05,2017,9
Menkalinan,Auriga,β Aurigae Aa,HR 2088,β,Aurigae,Aa,2016-07-20,2016,7
Menkar,Cetus,α Ceti,HR 911,α,Ceti,Aa,2016-06-30,2016,6
Menkent,Centaurus,θ Centauri,HR 5288,θ,Centauri,Aa,2016-08-21,2016,8
Menkib,Perseus,ξ Persei,HR 1228,ξ,Persei,Aa,2016-09-12,2016,9
Merak,Ursa Major,β Ursae Majoris,HR 4295,β,Ursae,Majoris,2016-06-30,2016,6
Merga,Boötes,38 Boötis,HR 5533,38,Boötis,Aa,2016-09-12,2016,9
Meridiana,Corona Australis,α Coronae Australis,HR 7254,α,Coronae,Australis,2017-09-05,2017,9
Merope,Taurus,23 Tauri Aa,HR 1156,23,Tauri,Aa,2016-07-20,2016,7
Mesarthim,Aries,γ1 Arietis A,HR 546,γ1,Arietis,A,2016-08-21,2016,8
Miaplacidus,Carina,β Carinae,HR 3685,β,Carinae,A,2016-07-20,2016,7
Mimosa,Crux,β Crucis,HR 4853,β,Crucis,Venaticorum,2016-07-20,2016,7
Minchir,Hydra,σ Hydrae,HR 3418,σ,Hydrae,Aa,2017-09-05,2017,9
Minelauva,Virgo,δ Virginis,HR 4910,δ,Virginis,Majoris A,2017-06-30,2017,6
Mintaka,Orion,δ Orionis Aa,HR 1852,δ,Orionis,Aa,2016-07-20,2016,7
Mira,Cetus,ο Ceti Aa,HR 681,ο,Ceti,Aa,2016-06-30,2016,6
Mirach,Andromeda,β Andromedae,HR 337,β,Andromedae,Majoris A,2016-06-30,2016,6
Miram,Perseus,η Persei A,HR 834,η,Persei,A,2017-09-05,2017,9
Mirfak,Perseus,α Persei,HR 1017,α,Persei,C,2016-07-20,2016,7
Mirzam,Canis Major,β Canis Majoris,HR 2294,β,Canis,Majoris,2016-07-20,2016,7
Misam,Perseus,κ Persei Aa,HR 941,κ,Persei,Aa,2017-09-05,2017,9
Mizar,Ursa Major,ζ Ursae Majoris Aa,HR 5054,ζ,Ursae,Majoris Aa,2016-06-30,2016,6
Mothallah,Triangulum,α Trianguli,HR 544,α,Trianguli,Aa,2016-08-21,2016,8
Muliphein,Canis Major,γ Canis Majoris,HR 2657,γ,Canis,Majoris,2016-08-21,2016,8
Muphrid,Boötes,η Boötis Aa,HR 5235,η,Boötis,Aa,2016-09-12,2016,9
Muscida,Ursa Major,ο Ursae Majoris A,HR 3323,ο,Ursae,Majoris A,2016-07-20,2016,7
Musica,Delphinus,18 Delphini,HR 8030,18,Delphini,Aa,2015-12-15,2015,12
Nahn,Cancer,ξ Cancri A,HR 3627,ξ,Cancri,A,2018-06-01,2018,6
Naos,Puppis,ζ Puppis,HR 3165,ζ,Puppis,Minoris A,2016-08-21,2016,8
Nashira,Capricornus,γ Capricorni A,HR 8278,γ,Capricorni,A,2016-08-21,2016,8
Nekkar,Boötes,β Boötis,HR 5602,β,Boötis,Minoris,2016-08-21,2016,8
Nembus,Andromeda,51 Andromedae,HR 464,51,Andromedae,A,2017-09-05,2017,9
Nihal,Lepus,β Leporis A,HR 1829,β,Leporis,A,2016-07-20,2016,7
Nunki,Sagittarius,σ Sagittarii Aa,HR 7121,σ,Sagittarii,Aa,2016-08-21,2016,8
Nusakan,Corona Borealis,β Coronae Borealis A,HR 5747,β,Coronae,Borealis A,2016-09-12,2016,9
Ogma,Hercules,HD 149026,HD 149026,HD,149026,C,2015-12-15,2015,12
Okab,Aquila,ζ Aquilae A,HR 7235,ζ,Aquilae,A,2018-06-01,2018,6
Paikauhale,Scorpius,τ Scorpii A,HR 6165,τ,Scorpii,A,2018-08-10,2018,8
Peacock,Pavo,α Pavonis Aa,HR 7790,α,Pavonis,Aa,2016-07-20,2016,7
Phact,Columba,α Columbae,HR 1956,α,Columbae,Aa,2016-07-20,2016,7
Phecda,Ursa Major,γ Ursae Majoris Aa,HR 4554,γ,Ursae,Majoris Aa,2016-07-20,2016,7
Pherkad,Ursa Minor,γ Ursae Minoris,HR 5735,γ,Ursae,Minoris,2016-08-21,2016,8
Piautos,Cancer,λ Cancri,HR 3268,λ,Cancri,A,2018-06-01,2018,6
Pipirima,Scorpius,μ2 Scorpii A,HR 6252,μ2,Scorpii,A,2017-09-05,2017,9
Pleione,Taurus,28 Tauri Aa,HR 1180,28,Tauri,Aa,2016-06-30,2016,6
Polaris,Ursa Minor,α Ursae Minoris,HR 424,α,Ursae,Minoris,2016-06-30,2016,6
Polaris Australis,Octans,σ Octantis,HR 7228,σ,Octantis,A,2017-09-05,2017,9
Polis,Sagittarius,μ Sagittarii Aa,HR 6812,μ,Sagittarii,Aa,2017-09-05,2017,9
Pollux,Gemini,β Geminorum,HR 2990,β,Geminorum,Minoris A,2015-12-15,2015,12
Porrima,Virgo,γ Virginis A,HR 4825,γ,Virginis,A,2016-07-20,2016,7
Praecipua,Leo Minor,46 Leonis Minoris,HR 4247,46,Leonis,Minoris,2017-06-30,2017,6
Prima Hyadum,Taurus,γ Tauri A,HR 1346,γ,Tauri,A,2017-09-05,2017,9
Procyon,Canis Minor,α Canis Minoris A,HR 2943,α,Canis,Minoris A,2016-06-30,2016,6
Propus,Gemini,η Geminorum A,HR 2216,η,Geminorum,A,2016-07-20,2016,7
Proxima Centauri,Centaurus,α Centauri C,GJ 551,α,Centauri,C,2016-08-21,2016,8
Ran,Eridanus,ε Eridani,HR 1084,ε,Eridani,C,2015-12-15,2015,12
Rasalas,Leo,μ Leonis,HR 3905,μ,Leonis,A,2016-09-12,2016,9
Rasalgethi,Hercules,α1 Herculis Aa,HR 6406,α1,Herculis,Aa,2016-06-30,2016,6
Rasalhague,Ophiuchus,α Ophiuchi A,HR 6556,α,Ophiuchi,A,2016-07-20,2016,7
Rastaban,Draco,β Draconis A,HR 6536,β,Draconis,A,2016-08-21,2016,8
Regulus,Leo,α Leonis A,HR 3982,α,Leonis,A,2016-06-30,2016,6
Revati,Pisces,ζ Piscium A,HR 361,ζ,Piscium,A,2017-06-30,2017,6
Rigel,Orion,β Orionis A,HR 1713,β,Orionis,A,2016-06-30,2016,6
Rigil Kentaurus,Centaurus,α Centauri A,HR 5459,α,Centauri,A,2016-11-06,2016,11
Rotanev,Delphinus,β Delphini A,HR 7882,β,Delphini,A,2016-09-12,2016,9
Ruchbah,Cassiopeia,δ Cassiopeiae Aa,HR 403,δ,Cassiopeiae,Aa,2016-08-21,2016,8
Rukbat,Sagittarius,α Sagittarii,HR 7348,α,Sagittarii,Aa,2016-07-20,2016,7
Sabik,Ophiuchus,η Ophiuchi A,HR 6378,η,Ophiuchi,A,2016-08-21,2016,8
Saclateni,Auriga,ζ Aurigae A,HR 1612,ζ,Aurigae,A,2017-06-30,2017,6
Sadachbia,Aquarius,γ Aquarii Aa,HR 8518,γ,Aquarii,Aa,2016-08-21,2016,8
Sadalbari,Pegasus,μ Pegasi,HR 8684,μ,Pegasi,Aa,2016-08-21,2016,8
Sadalmelik,Aquarius,α Aquarii A,HR 8414,α,Aquarii,A,2016-08-21,2016,8
Sadalsuud,Aquarius,β Aquarii A,HR 8232,β,Aquarii,A,2016-08-21,2016,8
Sadr,Cygnus,γ Cygni A,HR 7796,γ,Cygni,A,2016-08-21,2016,8
Saiph,Orion,κ Orionis,HR 2004,κ,Orionis,Aa,2016-07-20,2016,7
Salm,Pegasus,τ Pegasi,HR 8880,τ,Pegasi,Austrini A,2017-09-05,2017,9
Sargas,Scorpius,θ Scorpii A,HR 6553,θ,Scorpii,A,2016-08-21,2016,8
Sarin,Hercules,δ Herculis Aa,HR 6410,δ,Herculis,Aa,2016-09-12,2016,9
Sceptrum,Eridanus,53 Eridani A,HR 1481,53,Eridani,A,2017-06-30,2017,6
Scheat,Pegasus,β Pegasi,HR 8775,β,Pegasi,Austrini A,2016-06-30,2016,6
Schedar,Cassiopeia,α Cassiopeiae,HR 168,α,Cassiopeiae,A,2016-08-21,2016,8
Secunda Hyadum,Taurus,δ Tauri Aa,HR 1373,δ,Tauri,Aa,2017-09-05,2017,9
Segin,Cassiopeia,ε Cassiopeiae,HR 0542,ε,Cassiopeiae,C,2017-09-05,2017,9
Seginus,Boötes,γ Boötis Aa,HR 5435,γ,Boötis,Aa,2016-08-21,2016,8
Sham,Sagitta,α Sagittae,HR 7479,α,Sagittae,Aa,2016-09-12,2016,9
Shaula,Scorpius,λ Scorpii Aa,HR 6527,λ,Scorpii,Aa,2016-07-20,2016,7
Sheliak,Lyra,β Lyrae Aa1,HR 7106,β,Lyrae,Aa1,2016-08-21,2016,8
Sheratan,Aries,β Arietis A,HR 553,β,Arietis,A,2016-07-20,2016,7
Sirius,Canis Major,α Canis Majoris A,HR 2491,α,Canis,Majoris A,2016-06-30,2016,6
Situla,Aquarius,κ Aquarii A,HR 8610,κ,Aquarii,A,2016-09-12,2016,9
Skat,Aquarius,δ Aquarii A,HR 8709,δ,Aquarii,A,2016-08-21,2016,8
Spica,Virgo,α Virginis Aa,HR 5056,α,Virginis,Aa,2016-06-30,2016,6
Sualocin,Delphinus,α Delphini Aa,HR 7906,α,Delphini,Aa,2016-09-12,2016,9
Subra,Leo,ο Leonis Aa,HR 3852,ο,Leonis,Aa,2016-09-12,2016,9
Suhail,Vela,λ Velorum,HR 3634,λ,Velorum,A,2016-08-21,2016,8
Sulafat,Lyra,γ Lyrae,HR 7178,γ,Lyrae,A,2016-08-21,2016,8
Syrma,Virgo,ι Virginis,HR 5338,ι,Virginis,A,2016-09-12,2016,9
Tabit,Orion,π3 Orionis,HR 1543,π3,Orionis,Aa,2017-09-05,2017,9
Taiyangshou,Ursa Major,χ Ursae Majoris,HR 4518,χ,Ursae,Majoris,2017-06-30,2017,6
Taiyi,Draco,8 Draconis,HR 4916,8,Draconis,Venaticorum Aa,2017-06-30,2017,6
Talitha,Ursa Major,ι Ursae Majoris Aa,HR 3569,ι,Ursae,Majoris Aa,2016-07-20,2016,7
Tania Australis,Ursa Major,μ Ursae Majoris A,HR 4069,μ,Ursae,Majoris A,2016-07-20,2016,7
Tania Borealis,Ursa Major,λ Ursae Majoris A,HR 4033,λ,Ursae,Majoris A,2016-07-20,2016,7
Tarazed,Aquila,γ Aquilae,HR 7525,γ,Aquilae,Aa,2016-08-21,2016,8
Tarf,Cancer,β Cancri A,HR 3249,β,Cancri,A,2018-06-01,2018,6
Taygeta,Taurus,19 Tauri Aa,HR 1145,19,Tauri,Aa,2016-08-21,2016,8
Tegmine,Cancer,ζ1 Cancri A,HR 3208,ζ1,Cancri,A,2016-09-12,2016,9
Tejat,Gemini,μ Geminorum Aa,HR 2286,μ,Geminorum,Aa,2017-02-01,2017,2
Terebellum,Sagittarius,ω Sagittarii A,HR 7597,ω,Sagittarii,A,2017-09-05,2017,9
Theemin,Eridanus,υ2 Eridani,HR 1464,υ2,Eridani,Aa,2017-02-01,2017,2
Thuban,Draco,α Draconis A,HR 5291,α,Draconis,A,2016-06-30,2016,6
Tiaki,Grus,β Gruis,HR 8636,β,Gruis,A,2017-09-05,2017,9
Tianguan,Taurus,ζ Tauri A,HR 1910,ζ,Tauri,A,2017-06-30,2017,6
Tianyi,Draco,7 Draconis,HR 4863,7,Draconis,Venaticorum,2017-06-30,2017,6
Titawin,Andromeda,υ Andromedae A,HR 458,υ,Andromedae,A,2015-12-15,2015,12
Toliman,Centaurus,α Centauri B,HR 5460,α,Centauri,B,2018-08-10,2018,8
Tonatiuh,Camelopardalis,HD 104985,HR 4609,HD,104985,A,2015-12-15,2015,12
Torcular,Pisces,ο Piscium A,HR 510,ο,Piscium,A,2017-09-05,2017,9
Tureis,Puppis,ρ Puppis A,HR 3185,ρ,Puppis,A,2016-09-12,2016,9
Ukdah,Hydra,ι Hydrae,HR 3845,ι,Hydrae,A,2018-06-01,2018,6
Unukalhai,Serpens,α Serpentis,HR 5854,α,Serpentis,Borealis,2016-08-21,2016,8
Unurgunite,Canis Major,σ Canis Majoris,HR 2646,σ,Canis,Majoris,2017-09-05,2017,9
Vega,Lyra,α Lyrae,HR 7001,α,Lyrae,A,2016-06-30,2016,6
Veritate,Andromeda,14 Andromedae A,HR 8930,14,Andromedae,A,2015-12-15,2015,12
Vindemiatrix,Virgo,ε Virginis,HR 4932,ε,Virginis,Venaticorum Aa,2016-07-20,2016,7
Wasat,Gemini,δ Geminorum Aa,HR 2777,δ,Geminorum,Aa,2016-08-21,2016,8
Wazn,Columba,β Columbae,HR 2040,β,Columbae,Aa,2016-07-20,2016,7
Wezen,Canis Major,δ Canis Majoris Aa,HR 2693,δ,Canis,Majoris Aa,2016-07-20,2016,7
Wurren,Phoenix,ζ Phoenicis Aa,HR 338,ζ,Phoenicis,Aa,2017-11-19,2017,11
Xamidimura,Scorpius,μ1 Scorpii Aa,HR 6247,μ1,Scorpii,Aa,2017-09-05,2017,9
Xuange,Boötes,λ Boötis,HR 5351,λ,Boötis,A,2017-06-30,2017,6
Yed Posterior,Ophiuchus,ε Ophiuchi,HR 6075,ε,Ophiuchi,A,2016-10-05,2016,10
Yed Prior,Ophiuchus,δ Ophiuchi,HR 6056,δ,Ophiuchi,A,2016-10-05,2016,10
Yildun,Ursa Minor,δ Ursae Minoris,HR 6789,δ,Ursae,Minoris,2016-08-21,2016,8
Zaniah,Virgo,η Virginis Aa,HR 4689,η,Virginis,Aa,2016-09-12,2016,9
Zaurak,Eridanus,γ Eridani,HR 1231,γ,Eridani,Aa,2016-07-20,2016,7
Zavijava,Virgo,β Virginis,HR 4540,β,Virginis,Majoris,2016-08-21,2016,8
Zhang,Hydra,υ1 Hydrae A,HR 3903,υ1,Hydrae,A,2017-06-30,2017,6
Zibal,Eridanus,ζ Eridani Aa,HR 984,ζ,Eridani,Aa,2016-09-12,2016,9
Zosma,Leo,δ Leonis,HR 4357,δ,Leonis,Majoris A,2016-07-20,2016,7
Zubenelgenubi,Libra,α2 Librae Aa,HR 5531,α2,Librae,Aa,2016-08-21,2016,8
Zubenelhakrabi,Libra,γ Librae A,HR 5787,γ,Librae,A,2017-09-05,2017,9
Zubeneschamali,Libra,β Librae,HR 5685,β,Librae,A,2016-08-21,2016,8
